"condition","dv1","dv2"
"A",4.17305012603094,6.64881217018425
"A",2.51444952078765,6.02976815751317
"A",2.14238164913016,5.18962185500366
"A",3.93800411846966,5.95585645504447
"A",5.16968409468668,6.64256296721685
"A",2.85708367480414,7.90789859256622
"A",6.70998646881511,5.50286495310257
"A",2.40626782058551,7.87976571696888
"A",2.96048352083531,3.84893272357959
"A",2.98740748851809,7.02725390675049
"A",2.78830275690813,7.87008475605038
"A",5.44582686251535,4.08985769607889
"A",5.28189722955646,6.69972182691437
"A",5.91906154567326,3.66267463428223
"A",4.06240837004315,5.21095197159725
"A",4.83155631191809,7.59425631683356
"A",2.8277886497284,6.96770139637712
"A",4.54207352307527,5.28959838511695
"A",5.93430586509411,5.92101954517257
"A",4.66743256410884,4.57943268576126
"A",5.30252578429852,7.83803874928957
"A",3.6527993736533,5.33582192773039
"A",2.91323325513446,7.70059489472345
"A",3.36793483440477,6.90800284472829
"A",4.98221491902104,4.59326436954782
"A",2.08304460624988,6.28584291515062
"A",4.92126300379105,6.0266345570247
"A",5.19624624587724,5.385239530448
"A",4.73378705582016,6.41128433628433
"A",3.82093753022845,7.7714295261219
"A",6.36777176961865,5.64311790270181
"A",4.03233607441091,7.63738811376711
"A",3.38208201665415,7.55262131309305
"A",3.44366419942204,9.85729147641775
"A",4.80168475982346,5.4723973362503
"A",3.85481571503013,5.20189955361371
"A",4.15255114713089,8.08314058130977
"A",4.7144557935675,5.01367562488617
"A",2.83786696031681,7.54934000580178
"A",2.7485785304375,9.58959617681827
"A",3.26596366607999,5.18069097340833
"A",4.75714291970349,7.23029399462076
"A",3.92701246735532,6.51710691067197
"A",4.06940683833827,6.49671045477146
"A",6.30458313025277,5.96976036950816
"A",3.70882860949288,7.64469434686294
"A",2.00967255063777,7.21240230534636
"A",2.84317557821205,2.79905339436489
"A",3.76391623050472,7.89271801823344
"A",3.11775958441492,4.71251122665737
"A",5.11752137520151,4.09841629965514
"A",4.65854985593325,9.10938479175434
"A",3.71590192226757,4.20893162082357
"A",1.75666272096183,4.09944051381083
"A",4.46731800859476,7.70370039446094
"A",3.41117108319412,4.50396878727773
"A",4.29988189381451,5.23279987932268
"A",2.92969256456827,2.93768323957767
"A",4.50733343094389,5.02682833761799
"A",5.42573169595683,6.91685045553956
"A",2.87193371906747,4.70752596009406
"A",1.08360131183971,5.44192345182287
"A",6.09029345796121,4.92183074910455
"A",2.69280665900561,4.63694039226332
"A",5.89276668862281,5.99045888969854
"A",3.37259795592399,4.77985308307953
"A",6.87816449413242,5.90720213761608
"A",1.67211260506046,7.76018591066758
"A",5.5470131756183,3.65903513459328
"A",2.22463352942871,6.93631144783927
"A",6.05266620328966,8.39976102706483
"A",5.46780972935969,6.15482861459708
"A",6.32208877495007,4.88285739818843
"A",2.29737382585692,6.73295410491075
"A",2.19220913152713,5.81443959064582
"A",3.95205374522612,3.28611707044287
"A",3.431928652488,7.08101288554971
"A",5.94656038691558,6.09307675311712
"A",4.88149096673579,5.76671320766947
"A",5.04411599948957,4.02313664104741
"A",5.50220168624549,7.96488239873954
"A",2.01377826765609,5.76697243624752
"A",7.04590119155399,6.85512261972467
"A",2.46195764129384,6.78582472002262
"A",0.849420880907277,6.08696363695914
"A",6.91666305700894,3.88307541885985
"A",2.86266639587007,7.28510508718121
"A",6.69424438482441,9.74922448921372
"A",5.07468373075576,4.37348303040655
"A",3.23964543050963,5.22341141310264
"A",5.50034695870023,4.46426692858307
"A",6.44400369443106,6.95828751957554
"A",6.14603245889601,7.61774380264127
"A",3.89906243224852,7.9989433995284
"A",3.74392766916068,6.17664742660451
"A",4.49932965207495,4.34644232535964
"A",1.84252137215225,5.98330114551847
"A",5.2926755043394,7.78018113160719
"A",5.95473654774119,6.24593118659448
"A",3.95662758472913,6.6795739625352
"B",5.979345219512,3.40184832565264
"B",5.91517673602323,0.676826402654545
"B",7.43778047794852,7.23821854933722
"B",3.71615349680545,3.18644507845436
"B",7.82235939266126,3.3757502157269
"B",4.15847916247656,2.58158809555562
"B",4.62472839187912,6.8247896524036
"B",7.47570072025712,4.97553656391194
"B",7.31194034289063,5.11638462624026
"B",6.9328734384575,5.30009952787381
"B",4.93047059310742,5.20488246756977
"B",8.42690055349202,2.63350724167805
"B",5.19103135765815,3.80838159643958
"B",4.9651681748085,0.708001608058033
"B",5.81888956047836,5.02847296567534
"B",7.25852821680021,5.17275102877966
"B",5.20319782299513,8.4875465493232
"B",6.66079127650119,7.55078959621138
"B",5.15010418963529,1.65168248773712
"B",8.52222652150495,2.17469832155153
"B",6.99170373105252,2.5249404844059
"B",4.0729833837082,5.06753229273738
"B",4.58577017941634,4.26154645574007
"B",6.42933055686097,6.89730969949113
"B",5.82548942924105,2.87728944799788
"B",3.24794680361543,8.77030551960735
"B",7.35050692223606,2.59574833813237
"B",6.5632058834019,3.93438840128987
"B",8.14244015275832,4.48454074912342
"B",6.77391344058968,6.12936999774028
"B",5.93248732312805,3.67180787994987
"B",7.25686441485691,4.5205456621807
"B",3.3701874469349,5.14453374642352
"B",5.40006354698304,4.83953507591044
"B",5.74097138658573,5.26454918700191
"B",6.74589340774978,4.87116531865681
"B",8.26663830372144,2.95955665400604
"B",6.01607055453297,4.45453296720493
"B",6.61653401105543,1.47696727522746
"B",8.67348431755277,4.79270073058374
"B",3.99602366832381,5.29439694389641
"B",7.40426941012888,1.63113528734926
"B",8.96076192273707,3.29009125215007
"B",6.72999007208015,4.41163354031158
"B",5.66265698609279,4.83130719409299
"B",4.37126307780604,5.67960364272887
"B",5.27728029020322,4.14255847378537
"B",8.78244572370666,4.68318703959583
"B",5.84657557467045,4.03572815484123
"B",5.34264743403265,3.3683037079115
"B",5.36407542930661,3.20609612206254
"B",7.35767443801808,0.935822545323122
"B",7.60366460473766,4.48410974454357
"B",5.72882187480428,6.20342478650716
"B",4.37183819672964,1.86753742198249
"B",8.70586945262112,1.82408738730631
"B",6.87420134460871,0.652537841955956
"B",6.12841267394612,4.3720558575851
"B",6.93259257768447,2.82915381474707
"B",4.1213597144061,4.01045333810426
"B",7.63024450767324,4.90942664990265
"B",6.08980639851994,1.61923778280453
"B",6.50226453088158,3.90624888234614
"B",3.91171815007475,6.20483331444208
"B",6.21015529147832,5.89402718429224
"B",7.65647027862173,3.06528690622326
"B",4.74594562274004,3.81215949211582
"B",4.89687227621074,5.30796233946057
"B",5.84679561475524,1.74746592661458
"B",6.80630279117324,2.29353873683987
"B",7.83041098921829,3.67206310601708
"B",3.4730507852919,5.86141167286845
"B",6.36828022060825,6.18141983562066
"B",4.48479959183461,3.46469512882676
"B",7.07950798652835,6.13590775650143
"B",5.8630731238241,3.35925059931588
"B",4.23961189873199,3.55210711449821
"B",3.7559492129275,2.62802504078709
"B",7.50566981838142,4.89135770032561
"B",6.09453763707623,2.31335493073229
"B",6.85602500226182,4.20748964780322
"B",5.8919460885186,2.66148523877067
"B",7.21907616738821,5.17686793258843
"B",7.27145612005385,3.57090143783035
"B",7.03322884414599,1.46335723380561
"B",5.33904938447453,1.57838667764489
"B",5.63684012917524,3.98892801248983
"B",5.35317315974317,6.01249419743929
"B",5.48495413960321,4.11688974148185
"B",6.59085144993168,2.47206108339305
"B",7.26036246202619,3.36689918924084
"B",5.35118276443493,4.45393575168362
"B",5.74330218484381,2.83409884667549
"B",5.20354863994864,5.21149264061516
"B",9.83424400966015,5.5764669105105
"B",6.30845347573996,2.47806322105318
"B",7.09239135977584,4.54909665095839
"B",7.64329964859512,4.20086173732125
"B",5.62057325895398,2.6173319767175
"B",9.71348314639437,4.70636753964634
